Program,xPONENT,,FlexMAP 3D,,,,,,,,,,,,,
Build,4.3.309.1,,,,,,,,,,,,,,,
Date,10/4/24,11:16 AM,,,,,,,,,,,,,,
,,,,,,,,,,,,,,,,
SN,FM3DD24141021,,,,,,,,,,,,,,,
Batch,DV100424.4RS,,,,,,,,,,,,,,,
Version,1,,,,,,,,,,,,,,,
Operator,admin,,,,,,,,,,,,,,,
ComputerName,LUMINEX-C5ZFF24,,,,,,,,,,,,,,,
Country Code,7F,,,,,,,,,,,,,,,
ProtocolName,Durin Anti-Kappa Assay,,,,,,,,,,,,,,,
ProtocolVersion,1.2,,,,,,,,,,,,,,,
ProtocolDescription,2-plex for Kappa. Samples run in duplicate. ,,,,,,,,,,,,,,,
ProtocolDevelopingCompany,Thomas Broge,,,,,,,,,,,,,,,
SampleVolume,50 uL,,,,,,,,,,,,,,,
DDGate,7500 to 15000,,,,,,,,,,,,,,,
SampleTimeout,0 sec,,,,,,,,,,,,,,,
BatchStartTime,10/4/24 12:58,,,,,,,,,,,,,,,
BatchStopTime,10/4/24 13:19,,,,,,,,,,,,,,,
BatchDescription,2plex. Start sample 451,,,,,,,,,,,,,,,
ProtocolPlate,Name,Current 96-well plate,Type,96,Plates,1,,,,,,,,,,
ProtocolMicrosphere,Map,FlexMAP 3D Map,Type,MagPlex,Count,2,,,,,,,,,,
ProtocolReporterGain,Enhanced PMT (HIGH),,,,,,,,,,,,,,,
ProtocolAnalysis,Type,Quan,Mode,FitOfAllStandards,,,,,,,,,,,,
NormBead,45,,,,,,,,,,,,,,,
ProtocolHeater,Off,,,,,,,,,,,,,,,
,,,,,,,,,,,,,,,,
Most Recent Calibration and Verification Results:,,,,,,,,,,,,,,,,
Last F3DeCAL1 Calibration,Passed 09/30/2024 08:21:18,,,,,,,,,,,,,,,
Last F3DCAL2 Calibration,Passed 09/30/2024 08:21:51,,,,,,,,,,,,,,,
Last F3DCAL3 Calibration,Passed 09/30/2024 08:22:08,,,,,,,,,,,,,,,
Last F3DeVER1 Verification,Passed 10/04/2024 10:52:36,,,,,,,,,,,,,,,
Last F3DVER2 Verification,Passed 10/04/2024 10:53:11,,,,,,,,,,,,,,,
Last Fluidics Test,Passed 10/04/2024 10:53:58,,,,,,,,,,,,,,,
,,,,,,,,,,,,,,,,
CALInfo:,,,,,,,,,,,,,,,,
Classification Calibrator Extended,,,,,,,,,,,,,,,,
Lot,ExpirationDate,CalibrationTime,DDTemp,CL1Temp,CL2Temp,CL3Temp,DDVolts,CL1Volts,CL2Volts,CL3Volts,DDRVal,CL1RVal,CL2RVal,CL3RVal,Result,MachineSerialNo
C05900,1/18/26,9/30/24 8:20,21.81,21.68,21.99,21.1,65.7,100.49,104.07,103.07,502,1274,1319,1261,Pass,FM3DD24141021
C05596,1/3/26,9/30/24 8:21,21.83,21.6,22.12,21.13,42.9,100.5,104.07,102.96,217,1278,1314,1255,Pass,FM3DD24141021
Reporter Calibrator,,,,,,,,,,,,,,,,
Lot,ExpirationDate,CalibrationTime,RP1(1)Volts,RP1(1)Val,RP1(2)Volts,RP1(2)Val,Result,MachineSerialNo,,,,,,,,
C05191,12/19/25,9/30/24 8:21,651.96,3504,807.3,15947,Pass,FM3DD24141021,,,,,,,,
Lot,ExpirationDate,CalibrationTime,RP1Volts,RP1Val,Result,MachineSerialNo,,,,,,,,,,
C06417,12/19/25,9/30/24 8:22,807.48,15917,Pass,FM3DD24141021,,,,,,,,,,
,,,,,,,,,,,,,,,,
,,,,,,,,,,,,,,,,
AssayLotInfo:,,,,,,,,,,,,,,,,
KitName,LotNumber,ExpirationDate,Manufacturer,,,,,,,,,,,,,
,,,,,,,,,,,,,,,,
Reagent,LotName,LotNumber,ExpirationDate,Manufacturer,,,,,,,,,,,,
Standard1,15000,1,9/10/25,Seracare,,,,,,,,,,,,
Standard2,30000,1,9/10/25,Seracare,,,,,,,,,,,,
Standard3,60000,1,9/10/25,Seracare,,,,,,,,,,,,
Standard4,120000,1,9/10/25,Seracare,,,,,,,,,,,,
Standard5,240000,1,9/10/25,Seracare,,,,,,,,,,,,
Standard6,480000,1,9/10/25,Seracare,,,,,,,,,,,,
Standard7,960000,1,9/10/25,Seracare,,,,,,,,,,,,
Standard8,0,1,9/10/25,Seracare,,,,,,,,,,,,
,,,,,,,,,,,,,,,,
,,,,,,,,,,,,,,,,
Samples,48,Min Events,100,Per Bead,,,,,,,,,,,,
,,,,,,,,,,,,,,,,
Results,,,,,,,,,,,,,,,,
,,,,,,,,,,,,,,,,
DataType:,Median,,,,,,,,,,,,,,,
Location,Sample,Anti-Kappa IgG,Analyte 45,Total Events,,,,,,,,,,,,
"1(1,A1)",Standard1,160359,10786,223,,,,,,,,,,,,
"2(1,B1)",Standard2,148211.5,10820,218,,,,,,,,,,,,
"3(1,C1)",Standard3,131858,10769,230,,,,,,,,,,,,
"4(1,D1)",Standard4,112000,10907,203,,,,,,,,,,,,
"5(1,E1)",Standard5,96994,10886.5,201,,,,,,,,,,,,
"6(1,F1)",Standard6,85008,10887,223,,,,,,,,,,,,
"7(1,G1)",Standard7,71766.5,10759,234,,,,,,,,,,,,
"8(1,H1)",Standard8,58916,10812.5,214,,,,,,,,,,,,
"9(1,A2)",Standard1,164969,10845,226,,,,,,,,,,,,
"10(1,B2)",Standard2,154135.5,10672.5,232,,,,,,,,,,,,
"11(1,C2)",Standard3,137839,10928,207,,,,,,,,,,,,
"12(1,D2)",Standard4,118050.5,10757,233,,,,,,,,,,,,
"13(1,E2)",Standard5,99968,10978,207,,,,,,,,,,,,
"14(1,F2)",Standard6,83406.5,10890,217,,,,,,,,,,,,
"15(1,G2)",Standard7,77355.5,10856,204,,,,,,,,,,,,
"16(1,H2)",Standard8,61612.5,10787,209,,,,,,,,,,,,
"17(1,A3)",ADNI-451,103679,10860,209,,,,,,,,,,,,
"18(1,B3)",ADNI-452,94124.5,10895,222,,,,,,,,,,,,
"19(1,C3)",ADNI-453,98792.5,10878,220,,,,,,,,,,,,
"20(1,D3)",ADNI-454,98919,11022,210,,,,,,,,,,,,
"21(1,E3)",ADNI-455,97397.5,10665,207,,,,,,,,,,,,
"22(1,F3)",ADNI-456,97006,10804,206,,,,,,,,,,,,
"23(1,G3)",ADNI-457,96891,10915,209,,,,,,,,,,,,
"24(1,H3)",ADNI-458,95439,10887,232,,,,,,,,,,,,
"25(1,A4)",ADNI-451,104785,10797,207,,,,,,,,,,,,
"26(1,B4)",ADNI-452,93387,10910.5,200,,,,,,,,,,,,
"27(1,C4)",ADNI-453,96037.5,10842.5,218,,,,,,,,,,,,
"28(1,D4)",ADNI-454,99115,10764.5,226,,,,,,,,,,,,
"29(1,E4)",ADNI-455,96833,10807.5,222,,,,,,,,,,,,
"30(1,F4)",ADNI-456,99161,10778,220,,,,,,,,,,,,
"31(1,G4)",ADNI-457,98677,10958.5,204,,,,,,,,,,,,
"32(1,H4)",ADNI-458,96164.5,10794,237,,,,,,,,,,,,
"33(1,A5)",ADNI-459,90748,10975,216,,,,,,,,,,,,
"34(1,B5)",ADNI-460,97340,10976,201,,,,,,,,,,,,
"35(1,C5)",ADNI-461,102618.5,10815,241,,,,,,,,,,,,
"36(1,D5)",ADNI-462,109972,10921,213,,,,,,,,,,,,
"37(1,E5)",ADNI-463,88373.5,10910,203,,,,,,,,,,,,
"38(1,F5)",ADNI-464,100636,10925,206,,,,,,,,,,,,
"39(1,G5)",ADNI-465,96821.5,10785,211,,,,,,,,,,,,
"40(1,H5)",ADNI-466,100140.5,10787.5,230,,,,,,,,,,,,
"41(1,A6)",ADNI-459,93882.5,10869,231,,,,,,,,,,,,
"42(1,B6)",ADNI-460,99518,10956,214,,,,,,,,,,,,
"43(1,C6)",ADNI-461,103575,10720,224,,,,,,,,,,,,
"44(1,D6)",ADNI-462,110628.5,10916,203,,,,,,,,,,,,
"45(1,E6)",ADNI-463,88281.5,10717,223,,,,,,,,,,,,
"46(1,F6)",ADNI-464,100083,10733,201,,,,,,,,,,,,
"47(1,G6)",ADNI-465,97559,11008,206,,,,,,,,,,,,
"48(1,H6)",ADNI-466,98758,10933,206,,,,,,,,,,,,
"49(1,A7)",ADNI-467,88212.5,10790,201,,,,,,,,,,,,
"50(1,B7)",ADNI-468,96084,10983,231,,,,,,,,,,,,
"51(1,C7)",ADNI-469,87083,10983.5,207,,,,,,,,,,,,
"52(1,D7)",ADNI-470,94447.5,10887,208,,,,,,,,,,,,
"53(1,E7)",ADNI-471,103805.5,10925.5,206,,,,,,,,,,,,
"54(1,F7)",ADNI-472,124735.5,10834.5,202,,,,,,,,,,,,
"55(1,G7)",ADNI-473,98469.5,10895,225,,,,,,,,,,,,
"56(1,H7)",ADNI-474,101650.5,10918,218,,,,,,,,,,,,
"57(1,A8)",ADNI-467,90944,10623.5,208,,,,,,,,,,,,
"58(1,B8)",ADNI-468,98009,10650,204,,,,,,,,,,,,
"59(1,C8)",ADNI-469,87820.5,10913,210,,,,,,,,,,,,
"60(1,D8)",ADNI-470,94805,10944,203,,,,,,,,,,,,
"61(1,E8)",ADNI-471,104877.5,10767.5,234,,,,,,,,,,,,
"62(1,F8)",ADNI-472,128596,10763,225,,,,,,,,,,,,
"63(1,G8)",ADNI-473,94885.5,10752,205,,,,,,,,,,,,
"64(1,H8)",ADNI-474,102146,10817.5,200,,,,,,,,,,,,
"65(1,A9)",ADNI-475,102227,10838.5,203,,,,,,,,,,,,
"66(1,B9)",ADNI-476,99368.5,10855,242,,,,,,,,,,,,
"67(1,C9)",ADNI-477,98642.5,10993,214,,,,,,,,,,,,
"68(1,D9)",ADNI-478,103091,10859,226,,,,,,,,,,,,
"69(1,E9)",ADNI-479,91842.5,10691,247,,,,,,,,,,,,
"70(1,F9)",ADNI-480,90206,10856,216,,,,,,,,,,,,
"71(1,G9)",ADNI-481,107908.5,10859,231,,,,,,,,,,,,
"72(1,H9)",ADNI-482,91658.5,10804,230,,,,,,,,,,,,
"73(1,A10)",ADNI-475,102883.5,10987,219,,,,,,,,,,,,
"74(1,B10)",ADNI-476,99668,10859,201,,,,,,,,,,,,
"75(1,C10)",ADNI-477,100682.5,10809,208,,,,,,,,,,,,
"76(1,D10)",ADNI-478,102238.5,10803,232,,,,,,,,,,,,
"77(1,E10)",ADNI-479,92661,10862,220,,,,,,,,,,,,
"78(1,F10)",ADNI-480,88673.5,10845.5,216,,,,,,,,,,,,
"79(1,G10)",ADNI-481,107955,10942,209,,,,,,,,,,,,
"80(1,H10)",ADNI-482,90494,10810,261,,,,,,,,,,,,
"81(1,A11)",BioS-09,99069,10756.5,250,,,,,,,,,,,,
"82(1,B11)",BioS-10,89376.5,10908,215,,,,,,,,,,,,
"83(1,C11)",BioS-11,99875.5,10796,226,,,,,,,,,,,,
"84(1,D11)",BioS-12,109522,10738.5,218,,,,,,,,,,,,
"85(1,E11)",BioS-13,96948.5,10935,215,,,,,,,,,,,,
"86(1,F11)",BioS-14,101293,10811.5,226,,,,,,,,,,,,
"87(1,G11)",BioS-15,101662,10790.5,222,,,,,,,,,,,,
"88(1,H11)",BioS-16,104094,10797,215,,,,,,,,,,,,
"89(1,A12)",BioS-09,100624.5,10776.5,216,,,,,,,,,,,,
"90(1,B12)",BioS-10,89376.5,10778.5,218,,,,,,,,,,,,
"91(1,C12)",BioS-11,99795,10830.5,226,,,,,,,,,,,,
"92(1,D12)",BioS-12,108427.5,10764,207,,,,,,,,,,,,
"93(1,E12)",BioS-13,95577,10753.5,218,,,,,,,,,,,,
"94(1,F12)",BioS-14,100371.5,10690,243,,,,,,,,,,,,
"95(1,G12)",BioS-15,102423,10810,214,,,,,,,,,,,,
"96(1,H12)",BioS-16,104693,10721.5,206,,,,,,,,,,,,
,,,,,,,,,,,,,,,,
DataType:,Net MFI,,,,,,,,,,,,,,,
Location,Sample,Anti-Kappa IgG,Analyte 45,Total Events,,,,,,,,,,,,
"1(1,A1)",Standard1,160359,10786,223,,,,,,,,,,,,
"2(1,B1)",Standard2,148211.5,10820,218,,,,,,,,,,,,
"3(1,C1)",Standard3,131858,10769,230,,,,,,,,,,,,
"4(1,D1)",Standard4,112000,10907,203,,,,,,,,,,,,
"5(1,E1)",Standard5,96994,10886.5,201,,,,,,,,,,,,
"6(1,F1)",Standard6,85008,10887,223,,,,,,,,,,,,
"7(1,G1)",Standard7,71766.5,10759,234,,,,,,,,,,,,
"8(1,H1)",Standard8,58916,10812.5,214,,,,,,,,,,,,
"9(1,A2)",Standard1,164969,10845,226,,,,,,,,,,,,
"10(1,B2)",Standard2,154135.5,10672.5,232,,,,,,,,,,,,
"11(1,C2)",Standard3,137839,10928,207,,,,,,,,,,,,
"12(1,D2)",Standard4,118050.5,10757,233,,,,,,,,,,,,
"13(1,E2)",Standard5,99968,10978,207,,,,,,,,,,,,
"14(1,F2)",Standard6,83406.5,10890,217,,,,,,,,,,,,
"15(1,G2)",Standard7,77355.5,10856,204,,,,,,,,,,,,
"16(1,H2)",Standard8,61612.5,10787,209,,,,,,,,,,,,
"17(1,A3)",ADNI-451,103679,10860,209,,,,,,,,,,,,
"18(1,B3)",ADNI-452,94124.5,10895,222,,,,,,,,,,,,
"19(1,C3)",ADNI-453,98792.5,10878,220,,,,,,,,,,,,
"20(1,D3)",ADNI-454,98919,11022,210,,,,,,,,,,,,
"21(1,E3)",ADNI-455,97397.5,10665,207,,,,,,,,,,,,
"22(1,F3)",ADNI-456,97006,10804,206,,,,,,,,,,,,
"23(1,G3)",ADNI-457,96891,10915,209,,,,,,,,,,,,
"24(1,H3)",ADNI-458,95439,10887,232,,,,,,,,,,,,
"25(1,A4)",ADNI-451,104785,10797,207,,,,,,,,,,,,
"26(1,B4)",ADNI-452,93387,10910.5,200,,,,,,,,,,,,
"27(1,C4)",ADNI-453,96037.5,10842.5,218,,,,,,,,,,,,
"28(1,D4)",ADNI-454,99115,10764.5,226,,,,,,,,,,,,
"29(1,E4)",ADNI-455,96833,10807.5,222,,,,,,,,,,,,
"30(1,F4)",ADNI-456,99161,10778,220,,,,,,,,,,,,
"31(1,G4)",ADNI-457,98677,10958.5,204,,,,,,,,,,,,
"32(1,H4)",ADNI-458,96164.5,10794,237,,,,,,,,,,,,
"33(1,A5)",ADNI-459,90748,10975,216,,,,,,,,,,,,
"34(1,B5)",ADNI-460,97340,10976,201,,,,,,,,,,,,
"35(1,C5)",ADNI-461,102618.5,10815,241,,,,,,,,,,,,
"36(1,D5)",ADNI-462,109972,10921,213,,,,,,,,,,,,
"37(1,E5)",ADNI-463,88373.5,10910,203,,,,,,,,,,,,
"38(1,F5)",ADNI-464,100636,10925,206,,,,,,,,,,,,
"39(1,G5)",ADNI-465,96821.5,10785,211,,,,,,,,,,,,
"40(1,H5)",ADNI-466,100140.5,10787.5,230,,,,,,,,,,,,
"41(1,A6)",ADNI-459,93882.5,10869,231,,,,,,,,,,,,
"42(1,B6)",ADNI-460,99518,10956,214,,,,,,,,,,,,
"43(1,C6)",ADNI-461,103575,10720,224,,,,,,,,,,,,
"44(1,D6)",ADNI-462,110628.5,10916,203,,,,,,,,,,,,
"45(1,E6)",ADNI-463,88281.5,10717,223,,,,,,,,,,,,
"46(1,F6)",ADNI-464,100083,10733,201,,,,,,,,,,,,
"47(1,G6)",ADNI-465,97559,11008,206,,,,,,,,,,,,
"48(1,H6)",ADNI-466,98758,10933,206,,,,,,,,,,,,
"49(1,A7)",ADNI-467,88212.5,10790,201,,,,,,,,,,,,
"50(1,B7)",ADNI-468,96084,10983,231,,,,,,,,,,,,
"51(1,C7)",ADNI-469,87083,10983.5,207,,,,,,,,,,,,
"52(1,D7)",ADNI-470,94447.5,10887,208,,,,,,,,,,,,
"53(1,E7)",ADNI-471,103805.5,10925.5,206,,,,,,,,,,,,
"54(1,F7)",ADNI-472,124735.5,10834.5,202,,,,,,,,,,,,
"55(1,G7)",ADNI-473,98469.5,10895,225,,,,,,,,,,,,
"56(1,H7)",ADNI-474,101650.5,10918,218,,,,,,,,,,,,
"57(1,A8)",ADNI-467,90944,10623.5,208,,,,,,,,,,,,
"58(1,B8)",ADNI-468,98009,10650,204,,,,,,,,,,,,
"59(1,C8)",ADNI-469,87820.5,10913,210,,,,,,,,,,,,
"60(1,D8)",ADNI-470,94805,10944,203,,,,,,,,,,,,
"61(1,E8)",ADNI-471,104877.5,10767.5,234,,,,,,,,,,,,
"62(1,F8)",ADNI-472,128596,10763,225,,,,,,,,,,,,
"63(1,G8)",ADNI-473,94885.5,10752,205,,,,,,,,,,,,
"64(1,H8)",ADNI-474,102146,10817.5,200,,,,,,,,,,,,
"65(1,A9)",ADNI-475,102227,10838.5,203,,,,,,,,,,,,
"66(1,B9)",ADNI-476,99368.5,10855,242,,,,,,,,,,,,
"67(1,C9)",ADNI-477,98642.5,10993,214,,,,,,,,,,,,
"68(1,D9)",ADNI-478,103091,10859,226,,,,,,,,,,,,
"69(1,E9)",ADNI-479,91842.5,10691,247,,,,,,,,,,,,
"70(1,F9)",ADNI-480,90206,10856,216,,,,,,,,,,,,
"71(1,G9)",ADNI-481,107908.5,10859,231,,,,,,,,,,,,
"72(1,H9)",ADNI-482,91658.5,10804,230,,,,,,,,,,,,
"73(1,A10)",ADNI-475,102883.5,10987,219,,,,,,,,,,,,
"74(1,B10)",ADNI-476,99668,10859,201,,,,,,,,,,,,
"75(1,C10)",ADNI-477,100682.5,10809,208,,,,,,,,,,,,
"76(1,D10)",ADNI-478,102238.5,10803,232,,,,,,,,,,,,
"77(1,E10)",ADNI-479,92661,10862,220,,,,,,,,,,,,
"78(1,F10)",ADNI-480,88673.5,10845.5,216,,,,,,,,,,,,
"79(1,G10)",ADNI-481,107955,10942,209,,,,,,,,,,,,
"80(1,H10)",ADNI-482,90494,10810,261,,,,,,,,,,,,
"81(1,A11)",BioS-09,99069,10756.5,250,,,,,,,,,,,,
"82(1,B11)",BioS-10,89376.5,10908,215,,,,,,,,,,,,
"83(1,C11)",BioS-11,99875.5,10796,226,,,,,,,,,,,,
"84(1,D11)",BioS-12,109522,10738.5,218,,,,,,,,,,,,
"85(1,E11)",BioS-13,96948.5,10935,215,,,,,,,,,,,,
"86(1,F11)",BioS-14,101293,10811.5,226,,,,,,,,,,,,
"87(1,G11)",BioS-15,101662,10790.5,222,,,,,,,,,,,,
"88(1,H11)",BioS-16,104094,10797,215,,,,,,,,,,,,
"89(1,A12)",BioS-09,100624.5,10776.5,216,,,,,,,,,,,,
"90(1,B12)",BioS-10,89376.5,10778.5,218,,,,,,,,,,,,
"91(1,C12)",BioS-11,99795,10830.5,226,,,,,,,,,,,,
"92(1,D12)",BioS-12,108427.5,10764,207,,,,,,,,,,,,
"93(1,E12)",BioS-13,95577,10753.5,218,,,,,,,,,,,,
"94(1,F12)",BioS-14,100371.5,10690,243,,,,,,,,,,,,
"95(1,G12)",BioS-15,102423,10810,214,,,,,,,,,,,,
"96(1,H12)",BioS-16,104693,10721.5,206,,,,,,,,,,,,
,,,,,,,,,,,,,,,,
DataType:,Count,,,,,,,,,,,,,,,
Location,Sample,Anti-Kappa IgG,Analyte 45,Total Events,,,,,,,,,,,,
"1(1,A1)",Standard1,100,123,223,,,,,,,,,,,,
"2(1,B1)",Standard2,100,118,218,,,,,,,,,,,,
"3(1,C1)",Standard3,100,130,230,,,,,,,,,,,,
"4(1,D1)",Standard4,100,103,203,,,,,,,,,,,,
"5(1,E1)",Standard5,101,100,201,,,,,,,,,,,,
"6(1,F1)",Standard6,100,123,223,,,,,,,,,,,,
"7(1,G1)",Standard7,100,134,234,,,,,,,,,,,,
"8(1,H1)",Standard8,100,114,214,,,,,,,,,,,,
"9(1,A2)",Standard1,100,126,226,,,,,,,,,,,,
"10(1,B2)",Standard2,100,132,232,,,,,,,,,,,,
"11(1,C2)",Standard3,107,100,207,,,,,,,,,,,,
"12(1,D2)",Standard4,100,133,233,,,,,,,,,,,,
"13(1,E2)",Standard5,100,107,207,,,,,,,,,,,,
"14(1,F2)",Standard6,100,117,217,,,,,,,,,,,,
"15(1,G2)",Standard7,100,104,204,,,,,,,,,,,,
"16(1,H2)",Standard8,100,109,209,,,,,,,,,,,,
"17(1,A3)",ADNI-451,100,109,209,,,,,,,,,,,,
"18(1,B3)",ADNI-452,100,122,222,,,,,,,,,,,,
"19(1,C3)",ADNI-453,100,120,220,,,,,,,,,,,,
"20(1,D3)",ADNI-454,100,110,210,,,,,,,,,,,,
"21(1,E3)",ADNI-455,100,107,207,,,,,,,,,,,,
"22(1,F3)",ADNI-456,100,106,206,,,,,,,,,,,,
"23(1,G3)",ADNI-457,100,109,209,,,,,,,,,,,,
"24(1,H3)",ADNI-458,100,132,232,,,,,,,,,,,,
"25(1,A4)",ADNI-451,107,100,207,,,,,,,,,,,,
"26(1,B4)",ADNI-452,100,100,200,,,,,,,,,,,,
"27(1,C4)",ADNI-453,100,118,218,,,,,,,,,,,,
"28(1,D4)",ADNI-454,100,126,226,,,,,,,,,,,,
"29(1,E4)",ADNI-455,100,122,222,,,,,,,,,,,,
"30(1,F4)",ADNI-456,100,120,220,,,,,,,,,,,,
"31(1,G4)",ADNI-457,100,104,204,,,,,,,,,,,,
"32(1,H4)",ADNI-458,100,137,237,,,,,,,,,,,,
"33(1,A5)",ADNI-459,100,116,216,,,,,,,,,,,,
"34(1,B5)",ADNI-460,101,100,201,,,,,,,,,,,,
"35(1,C5)",ADNI-461,100,141,241,,,,,,,,,,,,
"36(1,D5)",ADNI-462,100,113,213,,,,,,,,,,,,
"37(1,E5)",ADNI-463,100,103,203,,,,,,,,,,,,
"38(1,F5)",ADNI-464,100,106,206,,,,,,,,,,,,
"39(1,G5)",ADNI-465,100,111,211,,,,,,,,,,,,
"40(1,H5)",ADNI-466,100,130,230,,,,,,,,,,,,
"41(1,A6)",ADNI-459,100,131,231,,,,,,,,,,,,
"42(1,B6)",ADNI-460,100,114,214,,,,,,,,,,,,
"43(1,C6)",ADNI-461,100,124,224,,,,,,,,,,,,
"44(1,D6)",ADNI-462,100,103,203,,,,,,,,,,,,
"45(1,E6)",ADNI-463,100,123,223,,,,,,,,,,,,
"46(1,F6)",ADNI-464,100,101,201,,,,,,,,,,,,
"47(1,G6)",ADNI-465,106,100,206,,,,,,,,,,,,
"48(1,H6)",ADNI-466,100,106,206,,,,,,,,,,,,
"49(1,A7)",ADNI-467,100,101,201,,,,,,,,,,,,
"50(1,B7)",ADNI-468,100,131,231,,,,,,,,,,,,
"51(1,C7)",ADNI-469,107,100,207,,,,,,,,,,,,
"52(1,D7)",ADNI-470,100,108,208,,,,,,,,,,,,
"53(1,E7)",ADNI-471,106,100,206,,,,,,,,,,,,
"54(1,F7)",ADNI-472,100,102,202,,,,,,,,,,,,
"55(1,G7)",ADNI-473,100,125,225,,,,,,,,,,,,
"56(1,H7)",ADNI-474,100,118,218,,,,,,,,,,,,
"57(1,A8)",ADNI-467,100,108,208,,,,,,,,,,,,
"58(1,B8)",ADNI-468,100,104,204,,,,,,,,,,,,
"59(1,C8)",ADNI-469,110,100,210,,,,,,,,,,,,
"60(1,D8)",ADNI-470,103,100,203,,,,,,,,,,,,
"61(1,E8)",ADNI-471,100,134,234,,,,,,,,,,,,
"62(1,F8)",ADNI-472,100,125,225,,,,,,,,,,,,
"63(1,G8)",ADNI-473,100,105,205,,,,,,,,,,,,
"64(1,H8)",ADNI-474,100,100,200,,,,,,,,,,,,
"65(1,A9)",ADNI-475,103,100,203,,,,,,,,,,,,
"66(1,B9)",ADNI-476,100,142,242,,,,,,,,,,,,
"67(1,C9)",ADNI-477,100,114,214,,,,,,,,,,,,
"68(1,D9)",ADNI-478,100,126,226,,,,,,,,,,,,
"69(1,E9)",ADNI-479,100,147,247,,,,,,,,,,,,
"70(1,F9)",ADNI-480,100,116,216,,,,,,,,,,,,
"71(1,G9)",ADNI-481,100,131,231,,,,,,,,,,,,
"72(1,H9)",ADNI-482,100,130,230,,,,,,,,,,,,
"73(1,A10)",ADNI-475,100,119,219,,,,,,,,,,,,
"74(1,B10)",ADNI-476,100,101,201,,,,,,,,,,,,
"75(1,C10)",ADNI-477,108,100,208,,,,,,,,,,,,
"76(1,D10)",ADNI-478,100,132,232,,,,,,,,,,,,
"77(1,E10)",ADNI-479,100,120,220,,,,,,,,,,,,
"78(1,F10)",ADNI-480,100,116,216,,,,,,,,,,,,
"79(1,G10)",ADNI-481,100,109,209,,,,,,,,,,,,
"80(1,H10)",ADNI-482,100,161,261,,,,,,,,,,,,
"81(1,A11)",BioS-09,100,150,250,,,,,,,,,,,,
"82(1,B11)",BioS-10,100,115,215,,,,,,,,,,,,
"83(1,C11)",BioS-11,100,126,226,,,,,,,,,,,,
"84(1,D11)",BioS-12,100,118,218,,,,,,,,,,,,
"85(1,E11)",BioS-13,100,115,215,,,,,,,,,,,,
"86(1,F11)",BioS-14,100,126,226,,,,,,,,,,,,
"87(1,G11)",BioS-15,100,122,222,,,,,,,,,,,,
"88(1,H11)",BioS-16,100,115,215,,,,,,,,,,,,
"89(1,A12)",BioS-09,100,116,216,,,,,,,,,,,,
"90(1,B12)",BioS-10,100,118,218,,,,,,,,,,,,
"91(1,C12)",BioS-11,100,126,226,,,,,,,,,,,,
"92(1,D12)",BioS-12,100,107,207,,,,,,,,,,,,
"93(1,E12)",BioS-13,100,118,218,,,,,,,,,,,,
"94(1,F12)",BioS-14,100,143,243,,,,,,,,,,,,
"95(1,G12)",BioS-15,100,114,214,,,,,,,,,,,,
"96(1,H12)",BioS-16,106,100,206,,,,,,,,,,,,
,,,,,,,,,,,,,,,,
DataType:,Result,,,,,,,,,,,,,,,
Location,Sample,Anti-Kappa IgG,Analyte 45,Total Events,,,,,,,,,,,,
"1(1,A1)",Standard1,0.855894891,,223,,,,,,,,,,,,
"2(1,B1)",Standard2,0.42958189,,218,,,,,,,,,,,,
"3(1,C1)",Standard3,0.231499376,,230,,,,,,,,,,,,
"4(1,D1)",Standard4,0.108589849,,203,,,,,,,,,,,,
"5(1,E1)",Standard5,0.060532378,,201,,,,,,,,,,,,
"6(1,F1)",Standard6,0.032929752,,223,,,,,,,,,,,,
"7(1,G1)",Standard7,0.012125557,,234,,,,,,,,,,,,
"8(1,H1)",Standard8,< 0,,214,,,,,,,,,,,,
"9(1,A2)",Standard1,1.147839924,,226,,,,,,,,,,,,
"10(1,B2)",Standard2,0.641546048,,232,,,,,,,,,,,,
"11(1,C2)",Standard3,0.267884661,,207,,,,,,,,,,,,
"12(1,D2)",Standard4,0.1426857,,233,,,,,,,,,,,,
"13(1,E2)",Standard5,0.066387686,,207,,,,,,,,,,,,
"14(1,F2)",Standard6,0.029785928,,217,,,,,,,,,,,,
"15(1,G2)",Standard7,0.019583549,,204,,,,,,,,,,,,
"16(1,H2)",Standard8,0.000764608,,209,,,,,,,,,,,,
"17(1,A3)",ADNI-451,0.080733091,,209,,,,,,,,,,,,
"18(1,B3)",ADNI-452,0.052979153,,222,,,,,,,,,,,,
"19(1,C3)",ADNI-453,0.065645341,,220,,,,,,,,,,,,
"20(1,D3)",ADNI-454,0.062436492,,210,,,,,,,,,,,,
"21(1,E3)",ADNI-455,0.067192964,,207,,,,,,,,,,,,
"22(1,F3)",ADNI-456,0.062555289,,206,,,,,,,,,,,,
"23(1,G3)",ADNI-457,0.059588927,,209,,,,,,,,,,,,
"24(1,H3)",ADNI-458,0.05646117,,232,,,,,,,,,,,,
"25(1,A4)",ADNI-451,0.086336357,,207,,,,,,,,,,,,
"26(1,B4)",ADNI-452,0.050851277,,200,,,,,,,,,,,,
"27(1,C4)",ADNI-453,0.059034271,,218,,,,,,,,,,,,
"28(1,D4)",ADNI-454,0.069532428,,226,,,,,,,,,,,,
"29(1,E4)",ADNI-455,0.061998094,,222,,,,,,,,,,,,
"30(1,F4)",ADNI-456,0.069304087,,220,,,,,,,,,,,,
"31(1,G4)",ADNI-457,0.063322848,,204,,,,,,,,,,,,
"32(1,H4)",ADNI-458,0.060517974,,237,,,,,,,,,,,,
"33(1,A5)",ADNI-459,0.043480167,,216,,,,,,,,,,,,
"34(1,B5)",ADNI-460,0.059347171,,201,,,,,,,,,,,,
"35(1,C5)",ADNI-461,0.078729805,,241,,,,,,,,,,,,
"36(1,D5)",ADNI-462,0.100300578,,213,,,,,,,,,,,,
"37(1,E5)",ADNI-463,0.039468026,,203,,,,,,,,,,,,
"38(1,F5)",ADNI-464,0.069656856,,206,,,,,,,,,,,,
"39(1,G5)",ADNI-465,0.06251722,,211,,,,,,,,,,,,
"40(1,H5)",ADNI-466,0.071930839,,230,,,,,,,,,,,,
"41(1,A6)",ADNI-459,0.0529361,,231,,,,,,,,,,,,
"42(1,B6)",ADNI-460,0.065692815,,214,,,,,,,,,,,,
"43(1,C6)",ADNI-461,0.084781403,,224,,,,,,,,,,,,
"44(1,D6)",ADNI-462,0.10294405,,203,,,,,,,,,,,,
"45(1,E6)",ADNI-463,0.042725573,,223,,,,,,,,,,,,
"46(1,F6)",ADNI-464,0.073281221,,201,,,,,,,,,,,,
"47(1,G6)",ADNI-465,0.059178639,,206,,,,,,,,,,,,
"48(1,H6)",ADNI-466,0.064171232,,206,,,,,,,,,,,,
"49(1,A7)",ADNI-467,0.041236532,,201,,,,,,,,,,,,
"50(1,B7)",ADNI-468,0.055963533,,231,,,,,,,,,,,,
"51(1,C7)",ADNI-469,0.035560746,,207,,,,,,,,,,,,
"52(1,D7)",ADNI-470,0.053953826,,208,,,,,,,,,,,,
"53(1,E7)",ADNI-471,0.079162353,,206,,,,,,,,,,,,
"54(1,F7)",ADNI-472,0.174982031,,202,,,,,,,,,,,,
"55(1,G7)",ADNI-473,0.064321995,,225,,,,,,,,,,,,
"56(1,H7)",ADNI-474,0.072812914,,218,,,,,,,,,,,,
"57(1,A8)",ADNI-467,0.050884872,,208,,,,,,,,,,,,
"58(1,B8)",ADNI-468,0.069379706,,204,,,,,,,,,,,,
"59(1,C8)",ADNI-469,0.038244741,,210,,,,,,,,,,,,
"60(1,D8)",ADNI-470,0.05361401,,203,,,,,,,,,,,,
"61(1,E8)",ADNI-471,0.087618268,,234,,,,,,,,,,,,
"62(1,F8)",ADNI-472,0.206479157,,225,,,,,,,,,,,,
"63(1,G8)",ADNI-473,0.058107263,,205,,,,,,,,,,,,
"64(1,H8)",ADNI-474,0.077177784,,200,,,,,,,,,,,,
"65(1,A9)",ADNI-475,0.076814576,,203,,,,,,,,,,,,
"66(1,B9)",ADNI-476,0.067864408,,242,,,,,,,,,,,,
"67(1,C9)",ADNI-477,0.062392934,,214,,,,,,,,,,,,
"68(1,D9)",ADNI-478,0.078902432,,226,,,,,,,,,,,,
"69(1,E9)",ADNI-479,0.051678856,,247,,,,,,,,,,,,
"70(1,F9)",ADNI-480,0.044477865,,216,,,,,,,,,,,,
"71(1,G9)",ADNI-481,0.095049852,,231,,,,,,,,,,,,
"72(1,H9)",ADNI-482,0.048878547,,230,,,,,,,,,,,,
"73(1,A10)",ADNI-475,0.074566652,,219,,,,,,,,,,,,
"74(1,B10)",ADNI-476,0.068617365,,201,,,,,,,,,,,,
"75(1,C10)",ADNI-477,0.072953282,,208,,,,,,,,,,,,
"76(1,D10)",ADNI-478,0.077893774,,232,,,,,,,,,,,,
"77(1,E10)",ADNI-479,0.050099861,,220,,,,,,,,,,,,
"78(1,F10)",ADNI-480,0.041252456,,216,,,,,,,,,,,,
"79(1,G10)",ADNI-481,0.092317018,,209,,,,,,,,,,,,
"80(1,H10)",ADNI-482,0.046018443,,261,,,,,,,,,,,,
"81(1,A11)",BioS-09,0.069613362,,250,,,,,,,,,,,,
"82(1,B11)",BioS-10,0.041671875,,215,,,,,,,,,,,,
"83(1,C11)",BioS-11,0.070911824,,226,,,,,,,,,,,,
"84(1,D11)",BioS-12,0.105629092,,218,,,,,,,,,,,,
"85(1,E11)",BioS-13,0.059274096,,215,,,,,,,,,,,,
"86(1,F11)",BioS-14,0.074727617,,226,,,,,,,,,,,,
"87(1,G11)",BioS-15,0.076466429,,222,,,,,,,,,,,,
"88(1,H11)",BioS-16,0.084037766,,215,,,,,,,,,,,,
"89(1,A12)",BioS-09,0.073691856,,216,,,,,,,,,,,,
"90(1,B12)",BioS-10,0.044054707,,218,,,,,,,,,,,,
"91(1,C12)",BioS-11,0.06974265,,226,,,,,,,,,,,,
"92(1,D12)",BioS-12,0.10043754,,207,,,,,,,,,,,,
"93(1,E12)",BioS-13,0.059908906,,218,,,,,,,,,,,,
"94(1,F12)",BioS-14,0.075397257,,243,,,,,,,,,,,,
"95(1,G12)",BioS-15,0.078264281,,214,,,,,,,,,,,,
"96(1,H12)",BioS-16,0.088521862,,206,,,,,,,,,,,,
,,,,,,,,,,,,,,,,
DataType:,Range,,,,,,,,,,,,,,,
Location,Sample,Anti-Kappa IgG,Analyte 45,Total Events,,,,,,,,,,,,
"1(1,A1)",Standard1,,,223,,,,,,,,,,,,
"2(1,B1)",Standard2,,,218,,,,,,,,,,,,
"3(1,C1)",Standard3,,,230,,,,,,,,,,,,
"4(1,D1)",Standard4,,,203,,,,,,,,,,,,
"5(1,E1)",Standard5,,,201,,,,,,,,,,,,
"6(1,F1)",Standard6,,,223,,,,,,,,,,,,
"7(1,G1)",Standard7,,,234,,,,,,,,,,,,
"8(1,H1)",Standard8,,,214,,,,,,,,,,,,
"9(1,A2)",Standard1,,,226,,,,,,,,,,,,
"10(1,B2)",Standard2,,,232,,,,,,,,,,,,
"11(1,C2)",Standard3,,,207,,,,,,,,,,,,
"12(1,D2)",Standard4,,,233,,,,,,,,,,,,
"13(1,E2)",Standard5,,,207,,,,,,,,,,,,
"14(1,F2)",Standard6,,,217,,,,,,,,,,,,
"15(1,G2)",Standard7,,,204,,,,,,,,,,,,
"16(1,H2)",Standard8,,,209,,,,,,,,,,,,
"17(1,A3)",ADNI-451,,,209,,,,,,,,,,,,
"18(1,B3)",ADNI-452,,,222,,,,,,,,,,,,
"19(1,C3)",ADNI-453,,,220,,,,,,,,,,,,
"20(1,D3)",ADNI-454,,,210,,,,,,,,,,,,
"21(1,E3)",ADNI-455,,,207,,,,,,,,,,,,
"22(1,F3)",ADNI-456,,,206,,,,,,,,,,,,
"23(1,G3)",ADNI-457,,,209,,,,,,,,,,,,
"24(1,H3)",ADNI-458,,,232,,,,,,,,,,,,
"25(1,A4)",ADNI-451,,,207,,,,,,,,,,,,
"26(1,B4)",ADNI-452,,,200,,,,,,,,,,,,
"27(1,C4)",ADNI-453,,,218,,,,,,,,,,,,
"28(1,D4)",ADNI-454,,,226,,,,,,,,,,,,
"29(1,E4)",ADNI-455,,,222,,,,,,,,,,,,
"30(1,F4)",ADNI-456,,,220,,,,,,,,,,,,
"31(1,G4)",ADNI-457,,,204,,,,,,,,,,,,
"32(1,H4)",ADNI-458,,,237,,,,,,,,,,,,
"33(1,A5)",ADNI-459,,,216,,,,,,,,,,,,
"34(1,B5)",ADNI-460,,,201,,,,,,,,,,,,
"35(1,C5)",ADNI-461,,,241,,,,,,,,,,,,
"36(1,D5)",ADNI-462,,,213,,,,,,,,,,,,
"37(1,E5)",ADNI-463,,,203,,,,,,,,,,,,
"38(1,F5)",ADNI-464,,,206,,,,,,,,,,,,
"39(1,G5)",ADNI-465,,,211,,,,,,,,,,,,
"40(1,H5)",ADNI-466,,,230,,,,,,,,,,,,
"41(1,A6)",ADNI-459,,,231,,,,,,,,,,,,
"42(1,B6)",ADNI-460,,,214,,,,,,,,,,,,
"43(1,C6)",ADNI-461,,,224,,,,,,,,,,,,
"44(1,D6)",ADNI-462,,,203,,,,,,,,,,,,
"45(1,E6)",ADNI-463,,,223,,,,,,,,,,,,
"46(1,F6)",ADNI-464,,,201,,,,,,,,,,,,
"47(1,G6)",ADNI-465,,,206,,,,,,,,,,,,
"48(1,H6)",ADNI-466,,,206,,,,,,,,,,,,
"49(1,A7)",ADNI-467,,,201,,,,,,,,,,,,
"50(1,B7)",ADNI-468,,,231,,,,,,,,,,,,
"51(1,C7)",ADNI-469,,,207,,,,,,,,,,,,
"52(1,D7)",ADNI-470,,,208,,,,,,,,,,,,
"53(1,E7)",ADNI-471,,,206,,,,,,,,,,,,
"54(1,F7)",ADNI-472,,,202,,,,,,,,,,,,
"55(1,G7)",ADNI-473,,,225,,,,,,,,,,,,
"56(1,H7)",ADNI-474,,,218,,,,,,,,,,,,
"57(1,A8)",ADNI-467,,,208,,,,,,,,,,,,
"58(1,B8)",ADNI-468,,,204,,,,,,,,,,,,
"59(1,C8)",ADNI-469,,,210,,,,,,,,,,,,
"60(1,D8)",ADNI-470,,,203,,,,,,,,,,,,
"61(1,E8)",ADNI-471,,,234,,,,,,,,,,,,
"62(1,F8)",ADNI-472,,,225,,,,,,,,,,,,
"63(1,G8)",ADNI-473,,,205,,,,,,,,,,,,
"64(1,H8)",ADNI-474,,,200,,,,,,,,,,,,
"65(1,A9)",ADNI-475,,,203,,,,,,,,,,,,
"66(1,B9)",ADNI-476,,,242,,,,,,,,,,,,
"67(1,C9)",ADNI-477,,,214,,,,,,,,,,,,
"68(1,D9)",ADNI-478,,,226,,,,,,,,,,,,
"69(1,E9)",ADNI-479,,,247,,,,,,,,,,,,
"70(1,F9)",ADNI-480,,,216,,,,,,,,,,,,
"71(1,G9)",ADNI-481,,,231,,,,,,,,,,,,
"72(1,H9)",ADNI-482,,,230,,,,,,,,,,,,
"73(1,A10)",ADNI-475,,,219,,,,,,,,,,,,
"74(1,B10)",ADNI-476,,,201,,,,,,,,,,,,
"75(1,C10)",ADNI-477,,,208,,,,,,,,,,,,
"76(1,D10)",ADNI-478,,,232,,,,,,,,,,,,
"77(1,E10)",ADNI-479,,,220,,,,,,,,,,,,
"78(1,F10)",ADNI-480,,,216,,,,,,,,,,,,
"79(1,G10)",ADNI-481,,,209,,,,,,,,,,,,
"80(1,H10)",ADNI-482,,,261,,,,,,,,,,,,
"81(1,A11)",BioS-09,,,250,,,,,,,,,,,,
"82(1,B11)",BioS-10,,,215,,,,,,,,,,,,
"83(1,C11)",BioS-11,,,226,,,,,,,,,,,,
"84(1,D11)",BioS-12,,,218,,,,,,,,,,,,
"85(1,E11)",BioS-13,,,215,,,,,,,,,,,,
"86(1,F11)",BioS-14,,,226,,,,,,,,,,,,
"87(1,G11)",BioS-15,,,222,,,,,,,,,,,,
"88(1,H11)",BioS-16,,,215,,,,,,,,,,,,
"89(1,A12)",BioS-09,,,216,,,,,,,,,,,,
"90(1,B12)",BioS-10,,,218,,,,,,,,,,,,
"91(1,C12)",BioS-11,,,226,,,,,,,,,,,,
"92(1,D12)",BioS-12,,,207,,,,,,,,,,,,
"93(1,E12)",BioS-13,,,218,,,,,,,,,,,,
"94(1,F12)",BioS-14,,,243,,,,,,,,,,,,
"95(1,G12)",BioS-15,,,214,,,,,,,,,,,,
"96(1,H12)",BioS-16,,,206,,,,,,,,,,,,
,,,,,,,,,,,,,,,,
DataType:,Avg Net MFI,,,,,,,,,,,,,,,
Sample,Anti-Kappa IgG,Analyte 45,,,,,,,,,,,,,,
Standard1,162664,10815.5,,,,,,,,,,,,,,
Standard2,151173.5,10746.25,,,,,,,,,,,,,,
Standard3,134848.5,10848.5,,,,,,,,,,,,,,
Standard4,115025.25,10832,,,,,,,,,,,,,,
Standard5,98481,10932.25,,,,,,,,,,,,,,
Standard6,84207.25,10888.5,,,,,,,,,,,,,,
Standard7,74561,10807.5,,,,,,,,,,,,,,
Standard8,60264.25,10799.75,,,,,,,,,,,,,,
ADNI-451,104232,10828.5,,,,,,,,,,,,,,
ADNI-452,93755.75,10902.75,,,,,,,,,,,,,,
ADNI-453,97415,10860.25,,,,,,,,,,,,,,
ADNI-454,99017,10893.25,,,,,,,,,,,,,,
ADNI-455,97115.25,10736.25,,,,,,,,,,,,,,
ADNI-456,98083.5,10791,,,,,,,,,,,,,,
ADNI-457,97784,10936.75,,,,,,,,,,,,,,
ADNI-458,95801.75,10840.5,,,,,,,,,,,,,,
ADNI-459,92315.25,10922,,,,,,,,,,,,,,
ADNI-460,98429,10966,,,,,,,,,,,,,,
ADNI-461,103096.75,10767.5,,,,,,,,,,,,,,
ADNI-462,110300.25,10918.5,,,,,,,,,,,,,,
ADNI-463,88327.5,10813.5,,,,,,,,,,,,,,
ADNI-464,100359.5,10829,,,,,,,,,,,,,,
ADNI-465,97190.25,10896.5,,,,,,,,,,,,,,
ADNI-466,99449.25,10860.25,,,,,,,,,,,,,,
ADNI-467,89578.25,10706.75,,,,,,,,,,,,,,
ADNI-468,97046.5,10816.5,,,,,,,,,,,,,,
ADNI-469,87451.75,10948.25,,,,,,,,,,,,,,
ADNI-470,94626.25,10915.5,,,,,,,,,,,,,,
ADNI-471,104341.5,10846.5,,,,,,,,,,,,,,
ADNI-472,126665.75,10798.75,,,,,,,,,,,,,,
ADNI-473,96677.5,10823.5,,,,,,,,,,,,,,
ADNI-474,101898.25,10867.75,,,,,,,,,,,,,,
ADNI-475,102555.25,10912.75,,,,,,,,,,,,,,
ADNI-476,99518.25,10857,,,,,,,,,,,,,,
ADNI-477,99662.5,10901,,,,,,,,,,,,,,
ADNI-478,102664.75,10831,,,,,,,,,,,,,,
ADNI-479,92251.75,10776.5,,,,,,,,,,,,,,
ADNI-480,89439.75,10850.75,,,,,,,,,,,,,,
ADNI-481,107931.75,10900.5,,,,,,,,,,,,,,
ADNI-482,91076.25,10807,,,,,,,,,,,,,,
BioS-09,99846.75,10766.5,,,,,,,,,,,,,,
BioS-10,89376.5,10843.25,,,,,,,,,,,,,,
BioS-11,99835.25,10813.25,,,,,,,,,,,,,,
BioS-12,108974.75,10751.25,,,,,,,,,,,,,,
BioS-13,96262.75,10844.25,,,,,,,,,,,,,,
BioS-14,100832.25,10750.75,,,,,,,,,,,,,,
BioS-15,102042.5,10800.25,,,,,,,,,,,,,,
BioS-16,104393.5,10759.25,,,,,,,,,,,,,,
,,,,,,,,,,,,,,,,
DataType:,Avg Result,,,,,,,,,,,,,,,
Sample,Anti-Kappa IgG,Analyte 45,,,,,,,,,,,,,,
Standard1,1.001867408,,,,,,,,,,,,,,,
Standard2,0.535563969,,,,,,,,,,,,,,,
Standard3,0.249692019,,,,,,,,,,,,,,,
Standard4,0.125637774,,,,,,,,,,,,,,,
Standard5,0.063460032,,,,,,,,,,,,,,,
Standard6,0.03135784,,,,,,,,,,,,,,,
Standard7,0.015854553,,,,,,,,,,,,,,,
Standard8,N/A,,,,,,,,,,,,,,,
ADNI-451,0.083534724,,,,,,,,,,,,,,,
ADNI-452,0.051915215,,,,,,,,,,,,,,,
ADNI-453,0.062339806,,,,,,,,,,,,,,,
ADNI-454,0.06598446,,,,,,,,,,,,,,,
ADNI-455,0.064595529,,,,,,,,,,,,,,,
ADNI-456,0.065929688,,,,,,,,,,,,,,,
ADNI-457,0.061455887,,,,,,,,,,,,,,,
ADNI-458,0.058489572,,,,,,,,,,,,,,,
ADNI-459,0.048208133,,,,,,,,,,,,,,,
ADNI-460,0.062519993,,,,,,,,,,,,,,,
ADNI-461,0.081755604,,,,,,,,,,,,,,,
ADNI-462,0.101622314,,,,,,,,,,,,,,,
ADNI-463,0.041096799,,,,,,,,,,,,,,,
ADNI-464,0.071469039,,,,,,,,,,,,,,,
ADNI-465,0.060847929,,,,,,,,,,,,,,,
ADNI-466,0.068051036,,,,,,,,,,,,,,,
ADNI-467,0.046060702,,,,,,,,,,,,,,,
ADNI-468,0.062671619,,,,,,,,,,,,,,,
ADNI-469,0.036902744,,,,,,,,,,,,,,,
ADNI-470,0.053783918,,,,,,,,,,,,,,,
ADNI-471,0.083390311,,,,,,,,,,,,,,,
ADNI-472,0.190730594,,,,,,,,,,,,,,,
ADNI-473,0.061214629,,,,,,,,,,,,,,,
ADNI-474,0.074995349,,,,,,,,,,,,,,,
ADNI-475,0.075690614,,,,,,,,,,,,,,,
ADNI-476,0.068240887,,,,,,,,,,,,,,,
ADNI-477,0.067673108,,,,,,,,,,,,,,,
ADNI-478,0.078398103,,,,,,,,,,,,,,,
ADNI-479,0.050889359,,,,,,,,,,,,,,,
ADNI-480,0.042865161,,,,,,,,,,,,,,,
ADNI-481,0.093683435,,,,,,,,,,,,,,,
ADNI-482,0.047448495,,,,,,,,,,,,,,,
BioS-09,0.071652609,,,,,,,,,,,,,,,
BioS-10,0.042863291,,,,,,,,,,,,,,,
BioS-11,0.070327237,,,,,,,,,,,,,,,
BioS-12,0.103033316,,,,,,,,,,,,,,,
BioS-13,0.059591501,,,,,,,,,,,,,,,
BioS-14,0.075062437,,,,,,,,,,,,,,,
BioS-15,0.077365355,,,,,,,,,,,,,,,
BioS-16,0.086279814,,,,,,,,,,,,,,,
,,,,,,,,,,,,,,,,
DataType:,Avg Range,,,,,,,,,,,,,,,
Sample,Anti-Kappa IgG,Analyte 45,,,,,,,,,,,,,,
Standard1,,,,,,,,,,,,,,,,
Standard2,,,,,,,,,,,,,,,,
Standard3,,,,,,,,,,,,,,,,
Standard4,,,,,,,,,,,,,,,,
Standard5,,,,,,,,,,,,,,,,
Standard6,,,,,,,,,,,,,,,,
Standard7,,,,,,,,,,,,,,,,
Standard8,,,,,,,,,,,,,,,,
ADNI-451,,,,,,,,,,,,,,,,
ADNI-452,,,,,,,,,,,,,,,,
ADNI-453,,,,,,,,,,,,,,,,
ADNI-454,,,,,,,,,,,,,,,,
ADNI-455,,,,,,,,,,,,,,,,
ADNI-456,,,,,,,,,,,,,,,,
ADNI-457,,,,,,,,,,,,,,,,
ADNI-458,,,,,,,,,,,,,,,,
ADNI-459,,,,,,,,,,,,,,,,
ADNI-460,,,,,,,,,,,,,,,,
ADNI-461,,,,,,,,,,,,,,,,
ADNI-462,,,,,,,,,,,,,,,,
ADNI-463,,,,,,,,,,,,,,,,
ADNI-464,,,,,,,,,,,,,,,,
ADNI-465,,,,,,,,,,,,,,,,
ADNI-466,,,,,,,,,,,,,,,,
ADNI-467,,,,,,,,,,,,,,,,
ADNI-468,,,,,,,,,,,,,,,,
ADNI-469,,,,,,,,,,,,,,,,
ADNI-470,,,,,,,,,,,,,,,,
ADNI-471,,,,,,,,,,,,,,,,
ADNI-472,,,,,,,,,,,,,,,,
ADNI-473,,,,,,,,,,,,,,,,
ADNI-474,,,,,,,,,,,,,,,,
ADNI-475,,,,,,,,,,,,,,,,
ADNI-476,,,,,,,,,,,,,,,,
ADNI-477,,,,,,,,,,,,,,,,
ADNI-478,,,,,,,,,,,,,,,,
ADNI-479,,,,,,,,,,,,,,,,
ADNI-480,,,,,,,,,,,,,,,,
ADNI-481,,,,,,,,,,,,,,,,
ADNI-482,,,,,,,,,,,,,,,,
BioS-09,,,,,,,,,,,,,,,,
BioS-10,,,,,,,,,,,,,,,,
BioS-11,,,,,,,,,,,,,,,,
BioS-12,,,,,,,,,,,,,,,,
BioS-13,,,,,,,,,,,,,,,,
BioS-14,,,,,,,,,,,,,,,,
BioS-15,,,,,,,,,,,,,,,,
BioS-16,,,,,,,,,,,,,,,,
,,,,,,,,,,,,,,,,
DataType:,Normalized Net Median,,,,,,,,,,,,,,,
Location,Sample,Anti-Kappa IgG,Analyte 45,Total Events,,,,,,,,,,,,
"1(1,A1)",Standard1,14.86732802,1,223,,,,,,,,,,,,
"2(1,B1)",Standard2,13.69792052,1,218,,,,,,,,,,,,
"3(1,C1)",Standard3,12.24421952,1,230,,,,,,,,,,,,
"4(1,D1)",Standard4,10.26863482,1,203,,,,,,,,,,,,
"5(1,E1)",Standard5,8.909566895,1,201,,,,,,,,,,,,
"6(1,F1)",Standard6,7.808211629,1,223,,,,,,,,,,,,
"7(1,G1)",Standard7,6.670368993,1,234,,,,,,,,,,,,
"8(1,H1)",Standard8,5.448878613,1,214,,,,,,,,,,,,
"9(1,A2)",Standard1,15.21152605,1,226,,,,,,,,,,,,
"10(1,B2)",Standard2,14.44230499,1,232,,,,,,,,,,,,
"11(1,C2)",Standard3,12.61337848,1,207,,,,,,,,,,,,
"12(1,D2)",Standard4,10.97429581,1,233,,,,,,,,,,,,
"13(1,E2)",Standard5,9.106212425,1,207,,,,,,,,,,,,
"14(1,F2)",Standard6,7.658999082,1,217,,,,,,,,,,,,
"15(1,G2)",Standard7,7.125598747,1,204,,,,,,,,,,,,
"16(1,H2)",Standard8,5.711736349,1,209,,,,,,,,,,,,
"17(1,A3)",ADNI-451,9.546869245,1,209,,,,,,,,,,,,
"18(1,B3)",ADNI-452,8.639238183,1,222,,,,,,,,,,,,
"19(1,C3)",ADNI-453,9.081862475,1,220,,,,,,,,,,,,
"20(1,D3)",ADNI-454,8.97468699,1,210,,,,,,,,,,,,
"21(1,E3)",ADNI-455,9.132442569,1,207,,,,,,,,,,,,
"22(1,F3)",ADNI-456,8.978711588,1,206,,,,,,,,,,,,
"23(1,G3)",ADNI-457,8.876866697,1,209,,,,,,,,,,,,
"24(1,H3)",ADNI-458,8.766326812,1,232,,,,,,,,,,,,
"25(1,A4)",ADNI-451,9.705010651,1,207,,,,,,,,,,,,
"26(1,B4)",ADNI-452,8.559369415,1,200,,,,,,,,,,,,
"27(1,C4)",ADNI-453,8.857505188,1,218,,,,,,,,,,,,
"28(1,D4)",ADNI-454,9.207580473,1,226,,,,,,,,,,,,
"29(1,E4)",ADNI-455,8.959796438,1,222,,,,,,,,,,,,
"30(1,F4)",ADNI-456,9.200315457,1,220,,,,,,,,,,,,
"31(1,G4)",ADNI-457,9.004608295,1,204,,,,,,,,,,,,
"32(1,H4)",ADNI-458,8.909069854,1,237,,,,,,,,,,,,
"33(1,A5)",ADNI-459,8.268610478,1,216,,,,,,,,,,,,
"34(1,B5)",ADNI-460,8.868440233,1,201,,,,,,,,,,,,
"35(1,C5)",ADNI-461,9.488534443,1,241,,,,,,,,,,,,
"36(1,D5)",ADNI-462,10.06977383,1,213,,,,,,,,,,,,
"37(1,E5)",ADNI-463,8.100229148,1,203,,,,,,,,,,,,
"38(1,F5)",ADNI-464,9.211533181,1,206,,,,,,,,,,,,
"39(1,G5)",ADNI-465,8.977422346,1,211,,,,,,,,,,,,
"40(1,H5)",ADNI-466,9.283012746,1,230,,,,,,,,,,,,
"41(1,A6)",ADNI-459,8.637639157,1,231,,,,,,,,,,,,
"42(1,B6)",ADNI-460,9.083424608,1,214,,,,,,,,,,,,
"43(1,C6)",ADNI-461,9.661847015,1,224,,,,,,,,,,,,
"44(1,D6)",ADNI-462,10.1345273,1,203,,,,,,,,,,,,
"45(1,E6)",ADNI-463,8.237519828,1,223,,,,,,,,,,,,
"46(1,F6)",ADNI-464,9.324792695,1,201,,,,,,,,,,,,
"47(1,G6)",ADNI-465,8.862554506,1,206,,,,,,,,,,,,
"48(1,H6)",ADNI-466,9.033019299,1,206,,,,,,,,,,,,
"49(1,A7)",ADNI-467,8.175393883,1,201,,,,,,,,,,,,
"50(1,B7)",ADNI-468,8.748429391,1,231,,,,,,,,,,,,
"51(1,C7)",ADNI-469,7.928529157,1,207,,,,,,,,,,,,
"52(1,D7)",ADNI-470,8.675254891,1,208,,,,,,,,,,,,
"53(1,E7)",ADNI-471,9.501212759,1,206,,,,,,,,,,,,
"54(1,F7)",ADNI-472,11.51280631,1,202,,,,,,,,,,,,
"55(1,G7)",ADNI-473,9.038044975,1,225,,,,,,,,,,,,
"56(1,H7)",ADNI-474,9.31035904,1,218,,,,,,,,,,,,
"57(1,A8)",ADNI-467,8.560643856,1,208,,,,,,,,,,,,
"58(1,B8)",ADNI-468,9.202723005,1,204,,,,,,,,,,,,
"59(1,C8)",ADNI-469,8.047328874,1,210,,,,,,,,,,,,
"60(1,D8)",ADNI-470,8.662737573,1,203,,,,,,,,,,,,
"61(1,E8)",ADNI-471,9.740190388,1,234,,,,,,,,,,,,
"62(1,F8)",ADNI-472,11.9479699,1,225,,,,,,,,,,,,
"63(1,G8)",ADNI-473,8.824916295,1,205,,,,,,,,,,,,
"64(1,H8)",ADNI-474,9.442662353,1,200,,,,,,,,,,,,
"65(1,A9)",ADNI-475,9.431840199,1,203,,,,,,,,,,,,
"66(1,B9)",ADNI-476,9.154168586,1,242,,,,,,,,,,,,
"67(1,C9)",ADNI-477,8.973210225,1,214,,,,,,,,,,,,
"68(1,D9)",ADNI-478,9.493599779,1,226,,,,,,,,,,,,
"69(1,E9)",ADNI-479,8.590636984,1,247,,,,,,,,,,,,
"70(1,F9)",ADNI-480,8.309322034,1,216,,,,,,,,,,,,
"71(1,G9)",ADNI-481,9.937240998,1,231,,,,,,,,,,,,
"72(1,H9)",ADNI-482,8.483756016,1,230,,,,,,,,,,,,
"73(1,A10)",ADNI-475,9.364112133,1,219,,,,,,,,,,,,
"74(1,B10)",ADNI-476,9.178377383,1,201,,,,,,,,,,,,
"75(1,C10)",ADNI-477,9.314691461,1,208,,,,,,,,,,,,
"76(1,D10)",ADNI-478,9.463898917,1,232,,,,,,,,,,,,
"77(1,E10)",ADNI-479,8.530749402,1,220,,,,,,,,,,,,
"78(1,F10)",ADNI-480,8.176063805,1,216,,,,,,,,,,,,
"79(1,G10)",ADNI-481,9.866112228,1,209,,,,,,,,,,,,
"80(1,H10)",ADNI-482,8.371322849,1,261,,,,,,,,,,,,
"81(1,A11)",BioS-09,9.210152001,1,250,,,,,,,,,,,,
"82(1,B11)",BioS-10,8.1936652,1,215,,,,,,,,,,,,
"83(1,C11)",BioS-11,9.251157836,1,226,,,,,,,,,,,,
"84(1,D11)",BioS-12,10.19900359,1,218,,,,,,,,,,,,
"85(1,E11)",BioS-13,8.865889346,1,215,,,,,,,,,,,,
"86(1,F11)",BioS-14,9.369005226,1,226,,,,,,,,,,,,
"87(1,G11)",BioS-15,9.421435522,1,222,,,,,,,,,,,,
"88(1,H11)",BioS-16,9.641011392,1,215,,,,,,,,,,,,
"89(1,A12)",BioS-09,9.337400826,1,216,,,,,,,,,,,,
"90(1,B12)",BioS-10,8.292109292,1,218,,,,,,,,,,,,
"91(1,C12)",BioS-11,9.214256036,1,226,,,,,,,,,,,,
"92(1,D12)",BioS-12,10.07316054,1,207,,,,,,,,,,,,
"93(1,E12)",BioS-13,8.887989957,1,218,,,,,,,,,,,,
"94(1,F12)",BioS-14,9.389289055,1,243,,,,,,,,,,,,
"95(1,G12)",BioS-15,9.474838113,1,214,,,,,,,,,,,,
"96(1,H12)",BioS-16,9.76477172,1,206,,,,,,,,,,,,
,,,,,,,,,,,,,,,,
DataType:,Avg Normalized Net Median,,,,,,,,,,,,,,,
Sample,Anti-Kappa IgG,Analyte 45,,,,,,,,,,,,,,
Standard1,15.03942703,1,,,,,,,,,,,,,,
Standard2,14.07011275,1,,,,,,,,,,,,,,
Standard3,12.428799,1,,,,,,,,,,,,,,
Standard4,10.62146531,1,,,,,,,,,,,,,,
Standard5,9.00788966,1,,,,,,,,,,,,,,
Standard6,7.733605355,1,,,,,,,,,,,,,,
Standard7,6.89798387,1,,,,,,,,,,,,,,
Standard8,5.580307481,1,,,,,,,,,,,,,,
ADNI-451,9.625939948,1,,,,,,,,,,,,,,
ADNI-452,8.599303799,1,,,,,,,,,,,,,,
ADNI-453,8.969683831,1,,,,,,,,,,,,,,
ADNI-454,9.091133731,1,,,,,,,,,,,,,,
ADNI-455,9.046119503,1,,,,,,,,,,,,,,
ADNI-456,9.089513523,1,,,,,,,,,,,,,,
ADNI-457,8.940737496,1,,,,,,,,,,,,,,
ADNI-458,8.837698333,1,,,,,,,,,,,,,,
ADNI-459,8.453124818,1,,,,,,,,,,,,,,
ADNI-460,8.97593242,1,,,,,,,,,,,,,,
ADNI-461,9.575190729,1,,,,,,,,,,,,,,
ADNI-462,10.10215056,1,,,,,,,,,,,,,,
ADNI-463,8.168874488,1,,,,,,,,,,,,,,
ADNI-464,9.268162938,1,,,,,,,,,,,,,,
ADNI-465,8.919988426,1,,,,,,,,,,,,,,
ADNI-466,9.158016023,1,,,,,,,,,,,,,,
ADNI-467,8.368018869,1,,,,,,,,,,,,,,
ADNI-468,8.975576198,1,,,,,,,,,,,,,,
ADNI-469,7.987929016,1,,,,,,,,,,,,,,
ADNI-470,8.668996232,1,,,,,,,,,,,,,,
ADNI-471,9.620701573,1,,,,,,,,,,,,,,
ADNI-472,11.73038811,1,,,,,,,,,,,,,,
ADNI-473,8.931480635,1,,,,,,,,,,,,,,
ADNI-474,9.376510696,1,,,,,,,,,,,,,,
ADNI-475,9.397976166,1,,,,,,,,,,,,,,
ADNI-476,9.166272984,1,,,,,,,,,,,,,,
ADNI-477,9.143950843,1,,,,,,,,,,,,,,
ADNI-478,9.478749348,1,,,,,,,,,,,,,,
ADNI-479,8.560693193,1,,,,,,,,,,,,,,
ADNI-480,8.24269292,1,,,,,,,,,,,,,,
ADNI-481,9.901676613,1,,,,,,,,,,,,,,
ADNI-482,8.427539433,1,,,,,,,,,,,,,,
BioS-09,9.273776413,1,,,,,,,,,,,,,,
BioS-10,8.242887246,1,,,,,,,,,,,,,,
BioS-11,9.232706936,1,,,,,,,,,,,,,,
BioS-12,10.13608206,1,,,,,,,,,,,,,,
BioS-13,8.876939651,1,,,,,,,,,,,,,,
BioS-14,9.379147141,1,,,,,,,,,,,,,,
BioS-15,9.448136817,1,,,,,,,,,,,,,,
BioS-16,9.702891556,1,,,,,,,,,,,,,,
,,,,,,,,,,,,,,,,
DataType:,%CV Replicates,,,,,,,,,,,,,,,
Sample,Anti-Kappa IgG,Analyte 45,,,,,,,,,,,,,,
Standard1,20.60515309,,,,,,,,,,,,,,,
Standard2,27.98569406,,,,,,,,,,,,,,,
Standard3,10.30400639,,,,,,,,,,,,,,,
Standard4,19.18961662,,,,,,,,,,,,,,,
Standard5,6.524308713,,,,,,,,,,,,,,,
Standard6,7.089198343,,,,,,,,,,,,,,,
Standard7,33.26235135,,,,,,,,,,,,,,,
Standard8,NaN,,,,,,,,,,,,,,,
ADNI-451,4.743066489,,,,,,,,,,,,,,,
ADNI-452,2.898255039,,,,,,,,,,,,,,,
ADNI-453,7.498792108,,,,,,,,,,,,,,,
ADNI-454,7.604190747,,,,,,,,,,,,,,,
ADNI-455,5.686659914,,,,,,,,,,,,,,,
ADNI-456,7.238196954,,,,,,,,,,,,,,,
ADNI-457,4.2962206,,,,,,,,,,,,,,,
ADNI-458,4.904453025,,,,,,,,,,,,,,,
ADNI-459,13.86976429,,,,,,,,,,,,,,,
ADNI-460,7.176980416,,,,,,,,,,,,,,,
ADNI-461,5.234045861,,,,,,,,,,,,,,,
ADNI-462,1.839377086,,,,,,,,,,,,,,,
ADNI-463,5.604897634,,,,,,,,,,,,,,,
ADNI-464,3.58590614,,,,,,,,,,,,,,,
ADNI-465,3.879726725,,,,,,,,,,,,,,,
ADNI-466,8.06287698,,,,,,,,,,,,,,,
ADNI-467,14.81177341,,,,,,,,,,,,,,,
ADNI-468,15.13710209,,,,,,,,,,,,,,,
ADNI-469,5.142898512,,,,,,,,,,,,,,,
ADNI-470,0.446761928,,,,,,,,,,,,,,,
ADNI-471,7.170179878,,,,,,,,,,,,,,,
ADNI-472,11.67711552,,,,,,,,,,,,,,,
ADNI-473,7.178805588,,,,,,,,,,,,,,,
ADNI-474,4.115493883,,,,,,,,,,,,,,,
ADNI-475,2.100025052,,,,,,,,,,,,,,,
ADNI-476,0.780208741,,,,,,,,,,,,,,,
ADNI-477,11.0343587,,,,,,,,,,,,,,,
ADNI-478,0.909752857,,,,,,,,,,,,,,,
ADNI-479,2.194011673,,,,,,,,,,,,,,,
ADNI-480,5.320658652,,,,,,,,,,,,,,,
ADNI-481,2.062697353,,,,,,,,,,,,,,,
ADNI-482,4.262304565,,,,,,,,,,,,,,,
BioS-09,4.024878786,,,,,,,,,,,,,,,
BioS-10,3.930907558,,,,,,,,,,,,,,,
BioS-11,1.175548611,,,,,,,,,,,,,,,
BioS-12,3.562906808,,,,,,,,,,,,,,,
BioS-13,0.75325949,,,,,,,,,,,,,,,
BioS-14,0.630817729,,,,,,,,,,,,,,,
BioS-15,1.643207383,,,,,,,,,,,,,,,
BioS-16,3.674944565,,,,,,,,,,,,,,,
,,,,,,,,,,,,,,,,
DataType:,% Recovery,,,,,,,,,,,,,,,
Location,Sample,Anti-Kappa IgG,Analyte 45,,,,,,,,,,,,,
"1(1,A1)",Standard1,85.59,,,,,,,,,,,,,,
"2(1,B1)",Standard2,85.92,,,,,,,,,,,,,,
"3(1,C1)",Standard3,92.6,,,,,,,,,,,,,,
"4(1,D1)",Standard4,86.87,,,,,,,,,,,,,,
"5(1,E1)",Standard5,96.85,,,,,,,,,,,,,,
"6(1,F1)",Standard6,105.38,,,,,,,,,,,,,,
"7(1,G1)",Standard7,77.6,,,,,,,,,,,,,,
"8(1,H1)",Standard8,N/A,,,,,,,,,,,,,,
"9(1,A2)",Standard1,114.78,,,,,,,,,,,,,,
"10(1,B2)",Standard2,128.31,,,,,,,,,,,,,,
"11(1,C2)",Standard3,107.15,,,,,,,,,,,,,,
"12(1,D2)",Standard4,114.15,,,,,,,,,,,,,,
"13(1,E2)",Standard5,106.22,,,,,,,,,,,,,,
"14(1,F2)",Standard6,95.31,,,,,,,,,,,,,,
"15(1,G2)",Standard7,125.33,,,,,,,,,,,,,,
"16(1,H2)",Standard8,N/A,,,,,,,,,,,,,,
,,,,,,,,,,,,,,,,
DataType:,Comments,,,,,,,,,,,,,,,
Location,Sample,Anti-Kappa IgG,Analyte 45,,,,,,,,,,,,,
"1(1,A1)",Standard1,,,,,,,,,,,,,,,
"2(1,B1)",Standard2,,,,,,,,,,,,,,,
"3(1,C1)",Standard3,,,,,,,,,,,,,,,
"4(1,D1)",Standard4,,,,,,,,,,,,,,,
"5(1,E1)",Standard5,,,,,,,,,,,,,,,
"6(1,F1)",Standard6,,,,,,,,,,,,,,,
"7(1,G1)",Standard7,,,,,,,,,,,,,,,
"8(1,H1)",Standard8,,,,,,,,,,,,,,,
"9(1,A2)",Standard1,Extrapolated,,,,,,,,,,,,,,
"10(1,B2)",Standard2,,,,,,,,,,,,,,,
"11(1,C2)",Standard3,,,,,,,,,,,,,,,
"12(1,D2)",Standard4,,,,,,,,,,,,,,,
"13(1,E2)",Standard5,,,,,,,,,,,,,,,
"14(1,F2)",Standard6,,,,,,,,,,,,,,,
"15(1,G2)",Standard7,,,,,,,,,,,,,,,
"16(1,H2)",Standard8,,,,,,,,,,,,,,,
"17(1,A3)",ADNI-451,,,,,,,,,,,,,,,
"18(1,B3)",ADNI-452,,,,,,,,,,,,,,,
"19(1,C3)",ADNI-453,,,,,,,,,,,,,,,
"20(1,D3)",ADNI-454,,,,,,,,,,,,,,,
"21(1,E3)",ADNI-455,,,,,,,,,,,,,,,
"22(1,F3)",ADNI-456,,,,,,,,,,,,,,,
"23(1,G3)",ADNI-457,,,,,,,,,,,,,,,
"24(1,H3)",ADNI-458,,,,,,,,,,,,,,,
"25(1,A4)",ADNI-451,,,,,,,,,,,,,,,
"26(1,B4)",ADNI-452,,,,,,,,,,,,,,,
"27(1,C4)",ADNI-453,,,,,,,,,,,,,,,
"28(1,D4)",ADNI-454,,,,,,,,,,,,,,,
"29(1,E4)",ADNI-455,,,,,,,,,,,,,,,
"30(1,F4)",ADNI-456,,,,,,,,,,,,,,,
"31(1,G4)",ADNI-457,,,,,,,,,,,,,,,
"32(1,H4)",ADNI-458,,,,,,,,,,,,,,,
"33(1,A5)",ADNI-459,,,,,,,,,,,,,,,
"34(1,B5)",ADNI-460,,,,,,,,,,,,,,,
"35(1,C5)",ADNI-461,,,,,,,,,,,,,,,
"36(1,D5)",ADNI-462,,,,,,,,,,,,,,,
"37(1,E5)",ADNI-463,,,,,,,,,,,,,,,
"38(1,F5)",ADNI-464,,,,,,,,,,,,,,,
"39(1,G5)",ADNI-465,,,,,,,,,,,,,,,
"40(1,H5)",ADNI-466,,,,,,,,,,,,,,,
"41(1,A6)",ADNI-459,,,,,,,,,,,,,,,
"42(1,B6)",ADNI-460,,,,,,,,,,,,,,,
"43(1,C6)",ADNI-461,,,,,,,,,,,,,,,
"44(1,D6)",ADNI-462,,,,,,,,,,,,,,,
"45(1,E6)",ADNI-463,,,,,,,,,,,,,,,
"46(1,F6)",ADNI-464,,,,,,,,,,,,,,,
"47(1,G6)",ADNI-465,,,,,,,,,,,,,,,
"48(1,H6)",ADNI-466,,,,,,,,,,,,,,,
"49(1,A7)",ADNI-467,,,,,,,,,,,,,,,
"50(1,B7)",ADNI-468,,,,,,,,,,,,,,,
"51(1,C7)",ADNI-469,,,,,,,,,,,,,,,
"52(1,D7)",ADNI-470,,,,,,,,,,,,,,,
"53(1,E7)",ADNI-471,,,,,,,,,,,,,,,
"54(1,F7)",ADNI-472,,,,,,,,,,,,,,,
"55(1,G7)",ADNI-473,,,,,,,,,,,,,,,
"56(1,H7)",ADNI-474,,,,,,,,,,,,,,,
"57(1,A8)",ADNI-467,,,,,,,,,,,,,,,
"58(1,B8)",ADNI-468,,,,,,,,,,,,,,,
"59(1,C8)",ADNI-469,,,,,,,,,,,,,,,
"60(1,D8)",ADNI-470,,,,,,,,,,,,,,,
"61(1,E8)",ADNI-471,,,,,,,,,,,,,,,
"62(1,F8)",ADNI-472,,,,,,,,,,,,,,,
"63(1,G8)",ADNI-473,,,,,,,,,,,,,,,
"64(1,H8)",ADNI-474,,,,,,,,,,,,,,,
"65(1,A9)",ADNI-475,,,,,,,,,,,,,,,
"66(1,B9)",ADNI-476,,,,,,,,,,,,,,,
"67(1,C9)",ADNI-477,,,,,,,,,,,,,,,
"68(1,D9)",ADNI-478,,,,,,,,,,,,,,,
"69(1,E9)",ADNI-479,,,,,,,,,,,,,,,
"70(1,F9)",ADNI-480,,,,,,,,,,,,,,,
"71(1,G9)",ADNI-481,,,,,,,,,,,,,,,
"72(1,H9)",ADNI-482,,,,,,,,,,,,,,,
"73(1,A10)",ADNI-475,,,,,,,,,,,,,,,
"74(1,B10)",ADNI-476,,,,,,,,,,,,,,,
"75(1,C10)",ADNI-477,,,,,,,,,,,,,,,
"76(1,D10)",ADNI-478,,,,,,,,,,,,,,,
"77(1,E10)",ADNI-479,,,,,,,,,,,,,,,
"78(1,F10)",ADNI-480,,,,,,,,,,,,,,,
"79(1,G10)",ADNI-481,,,,,,,,,,,,,,,
"80(1,H10)",ADNI-482,,,,,,,,,,,,,,,
"81(1,A11)",BioS-09,,,,,,,,,,,,,,,
"82(1,B11)",BioS-10,,,,,,,,,,,,,,,
"83(1,C11)",BioS-11,,,,,,,,,,,,,,,
"84(1,D11)",BioS-12,,,,,,,,,,,,,,,
"85(1,E11)",BioS-13,,,,,,,,,,,,,,,
"86(1,F11)",BioS-14,,,,,,,,,,,,,,,
"87(1,G11)",BioS-15,,,,,,,,,,,,,,,
"88(1,H11)",BioS-16,,,,,,,,,,,,,,,
"89(1,A12)",BioS-09,,,,,,,,,,,,,,,
"90(1,B12)",BioS-10,,,,,,,,,,,,,,,
"91(1,C12)",BioS-11,,,,,,,,,,,,,,,
"92(1,D12)",BioS-12,,,,,,,,,,,,,,,
"93(1,E12)",BioS-13,,,,,,,,,,,,,,,
"94(1,F12)",BioS-14,,,,,,,,,,,,,,,
"95(1,G12)",BioS-15,,,,,,,,,,,,,,,
"96(1,H12)",BioS-16,,,,,,,,,,,,,,,
,,,,,,,,,,,,,,,,
DataType:,Units,,,,,,,,,,,,,,,
Analyte:,Anti-Kappa IgG,Analyte 45,,,,,,,,,,,,,,
BeadID:,35,45,,,,,,,,,,,,,,
Units:,,,,,,,,,,,,,,,,
,,,,,,,,,,,,,,,,
DataType:,Standard Expected Concentration,,,,,,,,,,,,,,,
Reagent,Anti-Kappa IgG,Analyte 45,,,,,,,,,,,,,,
Standard1,1,,,,,,,,,,,,,,,
Standard2,0.5,,,,,,,,,,,,,,,
Standard3,0.25,,,,,,,,,,,,,,,
Standard4,0.125,,,,,,,,,,,,,,,
Standard5,0.0625,,,,,,,,,,,,,,,
Standard6,0.03125,,,,,,,,,,,,,,,
Standard7,0.015625,,,,,,,,,,,,,,,
Standard8,0,,,,,,,,,,,,,,,
,,,,,,,,,,,,,,,,
DataType:,Control Expected Concentration,,,,,,,,,,,,,,,
Reagent,Anti-Kappa IgG,Analyte 45,,,,,,,,,,,,,,
,,,,,,,,,,,,,,,,
DataType:,Control Range - Low,,,,,,,,,,,,,,,
Reagent,Anti-Kappa IgG,Analyte 45,,,,,,,,,,,,,,
,,,,,,,,,,,,,,,,
DataType:,Control Range - High,,,,,,,,,,,,,,,
Reagent,Anti-Kappa IgG,Analyte 45,,,,,,,,,,,,,,
,,,,,,,,,,,,,,,,
DataType:,Per Bead Count,,,,,,,,,,,,,,,
Analyte:,Anti-Kappa IgG,Analyte 45,,,,,,,,,,,,,,
BeadID:,35,45,,,,,,,,,,,,,,
Per Bead:,100,100,,,,,,,,,,,,,,
,,,,,,,,,,,,,,,,
DataType:,Dilution Factor,,,,,,,,,,,,,,,
Location,Sample,Dilution Factor,,,,,,,,,,,,,,
"1(1,A1)",Standard1,,,,,,,,,,,,,,,
"2(1,B1)",Standard2,,,,,,,,,,,,,,,
"3(1,C1)",Standard3,,,,,,,,,,,,,,,
"4(1,D1)",Standard4,,,,,,,,,,,,,,,
"5(1,E1)",Standard5,,,,,,,,,,,,,,,
"6(1,F1)",Standard6,,,,,,,,,,,,,,,
"7(1,G1)",Standard7,,,,,,,,,,,,,,,
"8(1,H1)",Standard8,,,,,,,,,,,,,,,
"9(1,A2)",Standard1,,,,,,,,,,,,,,,
"10(1,B2)",Standard2,,,,,,,,,,,,,,,
"11(1,C2)",Standard3,,,,,,,,,,,,,,,
"12(1,D2)",Standard4,,,,,,,,,,,,,,,
"13(1,E2)",Standard5,,,,,,,,,,,,,,,
"14(1,F2)",Standard6,,,,,,,,,,,,,,,
"15(1,G2)",Standard7,,,,,,,,,,,,,,,
"16(1,H2)",Standard8,,,,,,,,,,,,,,,
"17(1,A3)",ADNI-451,1,,,,,,,,,,,,,,
"18(1,B3)",ADNI-452,1,,,,,,,,,,,,,,
"19(1,C3)",ADNI-453,1,,,,,,,,,,,,,,
"20(1,D3)",ADNI-454,1,,,,,,,,,,,,,,
"21(1,E3)",ADNI-455,1,,,,,,,,,,,,,,
"22(1,F3)",ADNI-456,1,,,,,,,,,,,,,,
"23(1,G3)",ADNI-457,1,,,,,,,,,,,,,,
"24(1,H3)",ADNI-458,1,,,,,,,,,,,,,,
"25(1,A4)",ADNI-451,1,,,,,,,,,,,,,,
"26(1,B4)",ADNI-452,1,,,,,,,,,,,,,,
"27(1,C4)",ADNI-453,1,,,,,,,,,,,,,,
"28(1,D4)",ADNI-454,1,,,,,,,,,,,,,,
"29(1,E4)",ADNI-455,1,,,,,,,,,,,,,,
"30(1,F4)",ADNI-456,1,,,,,,,,,,,,,,
"31(1,G4)",ADNI-457,1,,,,,,,,,,,,,,
"32(1,H4)",ADNI-458,1,,,,,,,,,,,,,,
"33(1,A5)",ADNI-459,1,,,,,,,,,,,,,,
"34(1,B5)",ADNI-460,1,,,,,,,,,,,,,,
"35(1,C5)",ADNI-461,1,,,,,,,,,,,,,,
"36(1,D5)",ADNI-462,1,,,,,,,,,,,,,,
"37(1,E5)",ADNI-463,1,,,,,,,,,,,,,,
"38(1,F5)",ADNI-464,1,,,,,,,,,,,,,,
"39(1,G5)",ADNI-465,1,,,,,,,,,,,,,,
"40(1,H5)",ADNI-466,1,,,,,,,,,,,,,,
"41(1,A6)",ADNI-459,1,,,,,,,,,,,,,,
"42(1,B6)",ADNI-460,1,,,,,,,,,,,,,,
"43(1,C6)",ADNI-461,1,,,,,,,,,,,,,,
"44(1,D6)",ADNI-462,1,,,,,,,,,,,,,,
"45(1,E6)",ADNI-463,1,,,,,,,,,,,,,,
"46(1,F6)",ADNI-464,1,,,,,,,,,,,,,,
"47(1,G6)",ADNI-465,1,,,,,,,,,,,,,,
"48(1,H6)",ADNI-466,1,,,,,,,,,,,,,,
"49(1,A7)",ADNI-467,1,,,,,,,,,,,,,,
"50(1,B7)",ADNI-468,1,,,,,,,,,,,,,,
"51(1,C7)",ADNI-469,1,,,,,,,,,,,,,,
"52(1,D7)",ADNI-470,1,,,,,,,,,,,,,,
"53(1,E7)",ADNI-471,1,,,,,,,,,,,,,,
"54(1,F7)",ADNI-472,1,,,,,,,,,,,,,,
"55(1,G7)",ADNI-473,1,,,,,,,,,,,,,,
"56(1,H7)",ADNI-474,1,,,,,,,,,,,,,,
"57(1,A8)",ADNI-467,1,,,,,,,,,,,,,,
"58(1,B8)",ADNI-468,1,,,,,,,,,,,,,,
"59(1,C8)",ADNI-469,1,,,,,,,,,,,,,,
"60(1,D8)",ADNI-470,1,,,,,,,,,,,,,,
"61(1,E8)",ADNI-471,1,,,,,,,,,,,,,,
"62(1,F8)",ADNI-472,1,,,,,,,,,,,,,,
"63(1,G8)",ADNI-473,1,,,,,,,,,,,,,,
"64(1,H8)",ADNI-474,1,,,,,,,,,,,,,,
"65(1,A9)",ADNI-475,1,,,,,,,,,,,,,,
"66(1,B9)",ADNI-476,1,,,,,,,,,,,,,,
"67(1,C9)",ADNI-477,1,,,,,,,,,,,,,,
"68(1,D9)",ADNI-478,1,,,,,,,,,,,,,,
"69(1,E9)",ADNI-479,1,,,,,,,,,,,,,,
"70(1,F9)",ADNI-480,1,,,,,,,,,,,,,,
"71(1,G9)",ADNI-481,1,,,,,,,,,,,,,,
"72(1,H9)",ADNI-482,1,,,,,,,,,,,,,,
"73(1,A10)",ADNI-475,1,,,,,,,,,,,,,,
"74(1,B10)",ADNI-476,1,,,,,,,,,,,,,,
"75(1,C10)",ADNI-477,1,,,,,,,,,,,,,,
"76(1,D10)",ADNI-478,1,,,,,,,,,,,,,,
"77(1,E10)",ADNI-479,1,,,,,,,,,,,,,,
"78(1,F10)",ADNI-480,1,,,,,,,,,,,,,,
"79(1,G10)",ADNI-481,1,,,,,,,,,,,,,,
"80(1,H10)",ADNI-482,1,,,,,,,,,,,,,,
"81(1,A11)",BioS-09,1,,,,,,,,,,,,,,
"82(1,B11)",BioS-10,1,,,,,,,,,,,,,,
"83(1,C11)",BioS-11,1,,,,,,,,,,,,,,
"84(1,D11)",BioS-12,1,,,,,,,,,,,,,,
"85(1,E11)",BioS-13,1,,,,,,,,,,,,,,
"86(1,F11)",BioS-14,1,,,,,,,,,,,,,,
"87(1,G11)",BioS-15,1,,,,,,,,,,,,,,
"88(1,H11)",BioS-16,1,,,,,,,,,,,,,,
"89(1,A12)",BioS-09,1,,,,,,,,,,,,,,
"90(1,B12)",BioS-10,1,,,,,,,,,,,,,,
"91(1,C12)",BioS-11,1,,,,,,,,,,,,,,
"92(1,D12)",BioS-12,1,,,,,,,,,,,,,,
"93(1,E12)",BioS-13,1,,,,,,,,,,,,,,
"94(1,F12)",BioS-14,1,,,,,,,,,,,,,,
"95(1,G12)",BioS-15,1,,,,,,,,,,,,,,
"96(1,H12)",BioS-16,1,,,,,,,,,,,,,,
,,,,,,,,,,,,,,,,
,,,,,,,,,,,,,,,,
DataType:,Analysis Types,,,,,,,,,,,,,,,
Analyte:,Anti-Kappa IgG,Analyte 45,,,,,,,,,,,,,,
AnalysisType,Logistic 5P Weighted,None,,,,,,,,,,,,,,
,,,,,,,,,,,,,,,,
DataType:,Analysis Coefficients,,,,,,,,,,,,,,,
Analyte:,Anti-Kappa IgG,Analyte 45,,,,,,,,,,,,,,
Coefficient A,5.572831623,,,,,,,,,,,,,,,
Coefficient B,16.23220566,,,,,,,,,,,,,,,
Coefficient C,0.239248918,,,,,,,,,,,,,,,
Coefficient D,-1.147851895,,,,,,,,,,,,,,,
Coefficient F,0.657955997,,,,,,,,,,,,,,,
,,,,,,,,,,,,,,,,
DataType:,R^2,,,,,,,,,,,,,,,
Analyte:,Anti-Kappa IgG,Analyte 45,,,,,,,,,,,,,,
Value,0.99507042,,,,,,,,,,,,,,,
,,,,,,,,,,,,,,,,
DataType:,Audit Logs,,,,,,,,,,,,,,,
UserId,Date,Message,,,,,,,,,,,,,,
,,,,,,,,,,,,,,,,
DataType:,Warnings/Errors,,,,,,,,,,,,,,,
Location,Status,Message,,,,,,,,,,,,,,
,,,,,,,,,,,,,,,,
-- CRC --,,,,,,,,,,,,,,,,
CRC32: CF7647F7,,,,,,,,,,,,,,,,